parlhand.person.phid,_party.name,parlhand.party.code,start_date,end_date
"JLJ",Country Party,CP,1925-11-14,1937-03-28
"JLL",Country Party,CP,1940-09-21,1949-10-31
"EZ5",Liberal Party,LP,1994-03-26,
"JLN",Liberal Party,LP,1975-12-13,1977-11-10
"N26",Liberal,LP,1994-02-22,
"BV5",Australian Labor Party,ALP,1993-03-13,2013-09-07
"JLR",Country Party,CP,1943-08-21,1972-11-02
"JLS",Liberal Party,LP,1913-05-31,1914-09-05
"R36",Australian Labor Party,ALP,1996-03-02,
"KD4",Liberal Party,LP,1975-12-13,1996-01-29
"M3M",Liberal Party,LP,2010-08-21,
"JLT",Country Party,CP,1953-12-19,1969-04-30
"JLU",Country Party,CP,1949-12-10,1961-12-09
"JLV",Australian Labor Party,ALP,1949-12-10,1955-11-04
"KL6",Independent,IND,1996-03-02,2007-10-17
"HE4",Liberal Party,LP,1983-03-05,2004-08-31
"230886",Liberal Party,LP,2010-08-21,
"HK5",Liberal Party,LP,1991-05-11,
"JLZ",Country Party,CP,1937-10-23,1957-07-12
"JM2",Anti-Socialists,ANTI-SOC,1906-12-12,1910-04-13
"JM9",Australian Labor Party,ALP,1961-12-09,1983-02-04
"JMA",Country Party,CP,1965-02-27,1969-10-25
"JMB",Australian Labor Party,ALP,1913-05-31,1914-12-09
"JMC",Liberal Party,LP,1966-11-26,1969-10-25
"JME",Australian Labor Party,ALP,1972-12-02,1974-05-18
"JMF",Liberal Party,LP,1955-12-10,1972-12-02
"JMI",Liberal Party,LP,1990-03-24,1996-03-02
"J7Q",Liberal,LP,2009-03-11,
"JT4",Liberal Party,LP,1990-03-24,2010-07-19
"JNO",Liberal Party,LP,1975-12-13,1980-10-18
"MP6",Liberal Party,LP,1998-10-03,2007-10-17
"JNR",Australian Labor Party,ALP,1940-09-21,1943-08-21
"DYK",Liberal Party,LP,2004-10-09,2007-11-24
"LL6",Liberal Party,LP,1996-03-02,
"MD4",Australian Labor Party,ALP,1983-03-05,1998-08-31
"JNZ",Country Party,CP,1958-11-22,1961-12-09
"M3C",The Greens,GRN,2010-08-21,
"JO8",Australian Labor Party,ALP,1954-05-29,1975-06-02
"JOA",Country Party,CP,1958-11-22,1972-11-02
"ZJ6",Liberal Party,LP,1996-03-02,2007-11-24
"0K6",Liberal Party,LP,1996-03-02,2007-11-24
"009LR",Protectionists,PROT,1901-03-29,1903-09-30
"126",Liberal Party,LP,1958-03-08,1964-04-24
"JOC",Australian Labor Party,ALP,1901-03-30,1911-10-08
"LE4",Liberal Party,LP,1975-12-13,1996-09-09
"JOG",The Nationals,NAT,1917-05-05,1931-12-19
"OE4",Liberal Party,LP,1984-12-01,1996-03-02
"JOI",Liberal Party,LP,1946-09-28,1958-02-10
"JOK",Australian Labor Party,ALP,1910-04-13,1910-12-18
"JOO",Australian Labor Party,ALP,1960-07-16,1969-04-09
"JF7",Australian Labor Party,ALP,1945-08-18,1977-11-10
"PE4",Australian Labor Party,ALP,1980-10-18,2007-10-17
"JOQ",United Australia Party,UAP,1940-09-21,1943-08-21
"QE4",Australian Labor Party,ALP,1983-03-05,1998-08-31
"JOU",Australian Labor Party,ALP,1969-10-25,1975-12-13
"JOW",Australian Labor Party,ALP,1912-06-01,1913-04-23
"JOY",Liberal Party,LP,1913-05-31,1914-09-05
"JP8",Australian Labor Party,ALP,1969-10-25,1975-12-13
"G0D",Liberal,LP,2006-05-04,
"JPA",Liberal Party,LP,1949-12-10,1954-05-29
"ET4",Australian Labor Party,ALP,1990-03-24,2010-08-21
"HVM",Australian Labor Party,ALP,2007-11-24,2010-07-19
"1K6",Liberal Party,LP,1996-03-02,
"RE4",Australian Labor Party,ALP,1983-03-05,1996-03-02
"HZB",Australian Labor Party,ALP,2008-07-01,
"JPE",Australian Labor Party,ALP,1949-12-10,1962-07-21
"DZP",Australian Labor Party,ALP,2004-10-09,
"H6X",Liberal,LP,2007-05-03,
"JPG",Liberal Party,LP,1975-12-13,1983-03-05
"JPJ",Australian Labor Party,ALP,1963-11-30,1974-04-11
"SE4",Liberal Party,LP,1987-07-01,
"83P",Liberal Party,LP,1998-10-03,
"JPL",Independent Labour,IND LAB,1946-09-28,1949-12-10
"JPP",United Australia Party,UAP,1931-12-19,1934-09-15
"JPR",Free Trade,FT,1903-12-16,1904-04-13
"JPT",Independent,IND,1934-09-15,1949-12-10
"UE4",Australian Labor Party,ALP,1983-03-05,1990-03-24
"JQ7",Liberal Party,LP,1951-04-28,1961-11-02
"VE4",Australian Labor Party,ALP,1977-12-10,1994-02-11
"JQ9",The Nationals,NAT,1919-12-13,1922-12-16
"WE4",Nationals,NP,1984-02-18,1990-03-24
"JQB",Liberal Party,LP,1966-11-26,1977-11-10
"JR7",Protectionists,PROT,1901-03-30,1906-11-05
"JR9",Liberal Party,LP,1963-11-30,1969-10-25
"JRB",Liberal Party,LP,1949-12-10,1958-11-22
"JRD",Liberal Party,LP,1972-12-02,1983-03-05
"JRJ",Country Party,CP,1943-08-21,1961-11-02
"DZS",Australian Labor Party,ALP,2004-10-09,
"ZE4",Australian Labor Party,ALP,1969-10-25,1990-02-19
"JRN",Liberal Party,LP,1964-06-20,1973-07-11
"HVW",Australian Labor Party,ALP,2007-11-24,2013-09-07
"JRR",Free Trade,FT,1901-03-29,1904-02-02
"JRU",Liberal Party,LP,1975-12-13,1983-03-05
"JS7",Country Party,CP,1954-05-29,1958-10-14
"008W7",Liberal,LP,2000-05-16,
"JS9",Australian Labor Party,ALP,1940-09-21,1946-09-28
"5T4",Australian Labor Party,ALP,1990-03-24,2004-08-31
"JSE",Liberal Party,LP,1964-12-05,1969-10-25
"IYU",Liberal Party,LP,2008-09-06,
"JSG",Country Party,CP,1951-04-28,1966-10-31
"30379",The Nationals,NP,2013-09-07,
"MT4",Liberal Party,LP,1990-03-24,
"30540",Australian Labor Party,ALP,2010-08-21,
"2K6",Liberal Party,LP,1996-03-02,
"5A5",Australian Labor Party,ALP,1980-10-18,1998-08-31
"F49",Australian Labor Party,ALP,2005-08-25,
"JSI",Liberal Party,LP,1949-12-10,1955-10-14
"OD4",Australian Labor Party,ALP,1977-12-10,1990-02-19
"JSK",Anti-Socialists,ANTI-SOC,1906-12-12,1910-04-13
"PD4",Liberal Party,LP,1969-10-25,1991-02-25
"JSM",Australian Labor Party,ALP,1901-03-29,1913-05-31
"JSO",Liberal Party,LP,1966-11-26,1969-10-25
"JSQ",Liberal Party,LP,1958-11-22,1961-12-09
"JSS",Australian Labor Party,ALP,1951-04-28,1958-10-11
"1F4",Australian Labor Party,ALP,1983-03-05,1990-03-24
"JSU",Australian Labor Party,ALP,1955-12-10,1980-09-19
"230531",Liberal Party,LP,2010-08-21,
"243237",Australian Labor Party,ALP,2014-07-01,
"JT9",Liberal Party,LP,1974-05-18,1983-03-05
"83S",Australian Labor Party,ALP,1998-10-03,
"JTF",Australian Labor Party,ALP,1943-08-21,1955-12-10
"DYW",Australian Labor Party,ALP,2004-10-09,
"JTI",Australian Labor Party,ALP,1913-05-31,1917-05-05
"JTM",Liberal Party,LP,1977-12-10,1980-10-18
"3F4",Liberal Party,LP,1975-12-13,1993-02-08
"JTP",Liberal Party,LP,1956-12-08,1974-04-11
"HLL",Liberal,LP,2007-08-30,
"HWK",Australian Labor Party,ALP,2007-11-24,
"248006",Australian Labor Party,ALP,2014-02-08,
"008K0",Australian Labor Party,ALP,1999-11-06,
"SD4",Liberal Party,LP,1974-05-18,2007-10-17
"1V4",Australian Labor Party,ALP,1955-12-10,1977-11-10
"JTS",Liberal Party,LP,1963-11-30,1980-10-18
"BV8",Australian Labor Party,ALP,1940-09-21,1972-11-02
"2V4",Australian Labor Party,ALP,1949-12-10,1980-09-19
"JUJ",Free Trade,FT,1901-03-29,1906-12-12
"JU8",Liberal Party,LP,1949-12-10,1961-12-09
"JUF",Australian Labor Party,ALP,1961-12-09,1963-11-30
"9F4",Liberal Party,LP,1966-11-26,1990-03-24
"AI6",Australian Labor Party,ALP,2008-07-01,
"6V5",Liberal Party,LP,1993-03-13,1998-10-03
"AF4",Liberal Party,LP,1977-12-10,1993-02-08
"3K6",Liberal Party,LP,1996-03-02,2004-10-09
"HWC",Australian Labor Party,ALP,2007-11-24,2010-07-19
"245212",The Nationals,NP,2014-07-01,
"JW6",Australian Labor Party,ALP,1910-04-13,1913-05-31
"JW8",National Country Party,NCP,1975-12-13,1977-12-10
"DF4",Liberal Party,LP,1977-12-10,1994-01-14
"JWA",Australian Labor Party,ALP,1903-12-16,1906-12-12
"AW5",Australian Labor Party,ALP,1993-04-28,
"JWK",Liberal Party,LP,1958-11-22,1961-12-09
"I0M",Liberal,LP,2008-07-01,
"JNG",Australian Labor Party,ALP,1969-10-25,1983-02-04
"NT4",Australian Labor Party,ALP,1990-03-24,1993-03-13
"JWO",Australian Labor Party,ALP,1906-12-12,1922-12-16
"37998",Australian Labor Party,ALP,2013-09-07,
"JWR",Australian Labor Party,ALP,1943-08-21,1958-10-14
"HW9",Australian Labor Party,ALP,2007-11-24,
"JWV",Liberal Party,LP,1955-12-10,1969-10-25
"EF4",Liberal Party,LP,1974-05-18,1993-02-08
"FF4",Liberal Party,LP,1975-12-13,2008-06-30
"OT4",Liberal Party,LP,1990-03-24,2004-08-31
"GF4",Australian Labor Party,ALP,1980-10-18,1990-02-19
"TD4",Australian Labor Party,ALP,1983-03-05,1993-02-08
"JXA",Australian Labor Party,ALP,1910-04-13,1928-10-09
"HW7",Australian Labor Party,ALP,2007-11-24,2013-09-07
"IPZ",The Nationals,NP,2008-06-28,
"249710",Australian Labor Party,ALP,2013-09-07,
"A48",Australian Labor Party,ALP,1928-11-17,1951-06-13
"HF4",Australian Labor Party,ALP,1974-05-18,1990-02-19
"JUN",Liberal Party,LP,1958-11-22,1961-12-09
"230485",The Nationals,NP,2010-08-21,
"JF4",Australian Labor Party,ALP,1983-03-05,1996-03-02
"00AN0",Liberal Party,LP,2001-11-10,
"HWL",Australian Labor Party,ALP,2007-11-24,
"JUP",Australian Labor Party,ALP,1949-12-10,1960-05-17
"JUU",Protectionists,PROT,1901-03-29,1903-12-16
"JUY",United Australia Party,UAP,1931-12-19,1932-01-15
"JYJ",Australian Labor Party,ALP,1958-11-22,1963-11-30
"248181",Australian Labor Party,ALP,2013-09-07,
"JYK",Australian Labor Party,ALP,1974-05-18,1975-12-13
"BO5",Independent,IND,1992-04-11,1996-03-02
"JYO",Liberal Party,LP,1955-12-10,1969-10-25
"KF4",Australian Labor Party,ALP,1984-12-01,1996-03-02
"LF4",Australian Labor Party,ALP,1972-12-02,1996-08-20
"00AN1",The Nationals,NP,2001-11-10,
"MF4",Nationals,NP,1984-12-01,1998-08-31
"JZG",Liberal Party,LP,1961-12-09,1966-08-03
"NF4",Australian Labor Party,ALP,1969-10-25,1990-02-19
"00AOL",Liberal,LP,2002-02-26,
"241067",Liberal Party,LP,2013-09-07,
"JZK",Australian Labor Party,ALP,1922-12-16,1931-12-19
"4V4",Liberal Party,LP,1981-04-11,1987-06-05
"JZO",Independent,IND,1940-09-21,1946-02-11
"JZX",Australian Labor Party,ALP,1961-12-09,1975-12-13
"GB6",Australian Labor Party,ALP,1995-05-03,
"HWM",Australian Labor Party,ALP,2007-11-24,
"K07",Country Party,CP,1928-11-17,1929-10-12
"K0D",Country Party,CP,1931-12-19,1943-08-21
"K0I",Australian Labor Party,ALP,1961-12-09,1963-11-30
"YW6",Australian Labor Party,ALP,2007-11-24,2013-08-05
"K0K",Australian Labor Party,ALP,1939-05-20,1949-12-10
"QF4",Liberal Party,LP,1974-05-18,1996-01-29
"K0O",Australian Labor Party,ALP,1963-11-30,1977-08-22
"K17",Nationals,NP,1984-12-01,1987-07-11
"K4E",Free Trade,FT,1901-03-29,1914-09-05
"249127",Australian Labor Party,ALP,2013-09-07,
"3L6",Australian Labor Party,ALP,1996-04-30,
"K4I",Protectionists,PROT ,1901-03-29,1910-04-13
"K4O",Liberal Party,LP,1972-12-02,1974-04-11
"K4P",Free Trade,FT,1901-03-29,1903-11-23
"K5J",Protectionists,PROT,1906-12-12,1910-04-13
"K5L",Australian Labor Party,ALP,1955-05-21,1975-11-11
"K5P",Australian Labor Party,ALP,1918-10-26,1919-12-13
"009CW",Australian Labor Party,ALP,2000-08-12,2007-10-17
"HDA",Liberal,LP,2007-06-19,
"K6Q",Country Party,CP,1928-09-03,1954-04-21
"K6T",Australian Labor Party,ALP,1949-12-10,1969-09-29
"CT4",Liberal Party,LP,1990-03-24,2009-10-19
"K6U",Liberal Party,LP,1975-12-13,1980-10-18
"HWN",The Nationals,NP,2007-11-24,
"UF4",Australian Labor Party,ALP,1987-07-11,1993-03-13
"K6V",Australian Labor Party,ALP,1958-11-22,1969-09-29
"K6X",Australian Labor Party,ALP,1954-05-29,1966-11-26
"83U",Australian Labor Party,ALP,1998-10-03,2004-10-09
"K7J",Liberal Party,LP,1949-12-10,1974-04-11
"WF4",Australian Labor Party,ALP,1987-07-11,1996-03-02
"JAG",Australian Labor Party,ALP,1951-04-28,1977-11-10
"DT4",Australian Labor Party,ALP,1990-03-24,2013-08-05
"M3K",The Nationals (WA),NP,2010-08-21,2013-08-05
"7T4",Australian Labor Party,ALP,1990-03-24,2004-08-31
"YF4",Australian Labor Party,ALP,1961-12-09,1990-02-19
"K7U",Protectionists,PROT,1901-03-29,1931-12-19
"K7X",Protectionists,PROT,1901-03-29,1903-11-23
"K7Z",Australian Labor Party,ALP,1928-11-17,1931-12-19
"K87",Australian Labor Party,ALP,1903-12-16,1906-12-12
"0G4",Australian Labor Party,ALP,1980-10-18,1996-03-02
"K88",Australian Labor Party,ALP,1919-12-13,1931-12-19
"K8B",Australian Labor Party,ALP,1949-12-10,1969-09-29
"K8G",Australian Labor Party,ALP,1929-10-12,1931-12-19
"6V4",Australian Labor Party,ALP,1943-08-21,1975-11-11
"WF6",Australian Labor Party,ALP,1998-10-03,
"KP6",Australian Labor Party,ALP,1997-02-01,1998-08-31
"UD4",Australian Labor Party,ALP,1980-10-18,1993-02-08
"225099",Australian Labor Party,ALP,2013-08-21,
"HVN",Australian Labor Party,ALP,2007-11-24,2013-09-07
"KCC",Australian Labor Party,ALP,1949-12-10,1956-02-17
"KCB",Australian Labor Party,ALP,1958-11-22,1975-12-13
"KCD",Liberal Party,LP,1949-12-10,1966-10-31
"9E4",Australian Labor Party,ALP,1974-05-18,1994-02-04
"HYG",Family First,FFP,2014-07-01,
"LV5",Australian Labor Party,ALP,1993-03-13,1996-03-02
"KCE",Liberal Party,LP,1977-12-10,1983-03-05
"LLW",Liberal Party,LP,1949-12-10,1964-09-30
"8IS",Australian Labor Party,ALP,2007-11-24,2010-07-19
"KCF",Australian Labor Party,ALP,1940-03-02,1949-12-10
"JUD",United Australia Party,UAP,1931-12-19,1941-06-30
"KCH",United Australia Party,UAP,1931-12-19,1934-09-15
"KCI",Australian Labor Party,ALP,1963-09-28,1969-09-29
"53369",The Greens,GRN,2011-07-01,
"3G4",Liberal Party,LP,1966-11-26,1996-01-29
"EV5",Australian Labor Party,ALP,1993-03-13,1996-03-02
"5M6",Country Liberal Party,CLP,1996-03-02,1998-10-03
"4G4",Liberal Party,LP,1984-12-01,2008-07-14
"KCK",Liberal Party,LP,1949-12-10,1964-04-23
"KCL",Australian Labor Party,ALP,1972-12-02,1974-05-18
"0L6",Liberal Party,LP,1996-03-02,2007-10-17
"HWG",Australian Labor Party,ALP,2007-11-24,
"KCS",Country Party,CP,1949-12-10,1963-11-01
"KCT",Liberal Party,LP,1972-12-02,1987-06-05
"KCU",Liberal Party,LP,1949-12-10,1975-11-11
"5G4",Australian Labor Party,ALP,1984-12-01,1993-02-08
"6G4",Australian Labor Party,ALP,1980-10-18,1996-01-29
"7G4",Australian Labor Party,ALP,1984-12-01,1996-03-02
"KDA",Australian Labor Party,ALP,1946-09-28,1975-12-13
"00AKI",Liberal Party,LP,2001-11-10,
"RU5",Australian Labor Party,ALP,1993-03-13,1996-03-02
"KDB",Australian Labor Party,ALP,1946-09-28,1958-11-22
"KDD",Free Trade,FT,1901-03-29,1911-02-04
"83R",Australian Labor Party,ALP,1998-10-03,2007-10-17
"9G4",Liberal Party,LP,1972-12-02,1993-02-08
"AG4",Australian Labor Party,ALP,1983-03-05,1993-03-13
"225307",Liberal,LP,2011-07-01,
"KDH",Country Party,CP,1949-12-10,1952-01-28
"KDI",Australian Labor Party,ALP,1961-12-09,1963-11-30
"KDJ",Australian Labor Party,ALP,1929-10-12,1931-12-19
"YF6",Liberal Party,LP,1974-05-18,1981-02-17
"DZW",Australian Labor Party,ALP,2004-10-09,
"6T4",Australian Labor Party,ALP,1990-03-24,1996-03-02
"5K6",Australian Labor Party,ALP,1996-03-02,2010-07-19
"DZU",Australian Labor Party,ALP,2004-10-09,
"6K6",Liberal Party,LP,1996-03-02,2007-10-17
"83V",Australian Labor Party,ALP,1998-10-03,2013-08-05
"8H7",Australian Labor Party,ALP,1970-05-30,1975-12-13
"7K6",Liberal Party,LP,1996-03-02,
"KDO",Liberal Party,LP,1955-12-10,1975-11-11
"VD4",Australian Labor Party,ALP,1978-07-01,1999-09-30
"N36",Australian Labor Party,ALP,1994-03-19,2004-10-09
"3V5",Liberal Party,LP,1993-03-13,1998-10-03
"DTN",Australian Labor Party,ALP,1940-09-21,1960-02-10
"KDP",Australian Labor Party,ALP,1967-09-30,1984-10-26
"7R5",Country Liberal Party,CLP,1984-12-01,1987-06-05
"KDQ",Australian Labor Party,ALP,1952-10-18,1954-05-29
"KDR",Protectionists,PROT,1901-03-29,1910-02-19
"F4T",Country Party,CP,1936-12-19,1958-10-14
"HQ5",Liberal Party,LP,1996-03-02,2001-10-08
"KDS",Country Party,CP,1949-12-10,1969-09-29
"KDT",Liberal Party,LP,1949-12-10,1975-11-11
"KEM",United Australia Party,UAP,1933-11-11,1940-08-13
"KEN",Liberal Party,LP,1949-12-10,1969-09-29
"KEO",Liberal Party,LP,1975-12-13,1983-03-05
"KEP",Liberal Party,LP,1946-09-28,1966-10-31
"KEU",Australian Labor Party,ALP,1940-09-21,1949-12-10
"00AMO",Liberal Party,LP,2001-11-10,2010-07-19
"WD4",Australian Labor Party,ALP,1983-03-05,1996-01-29
"DYU",Liberal Party,LP,2004-10-09,
"I0O",Australian Labor Party,ALP,2008-07-01,
"JYS",Liberal,LP,,
"8T4",Australian Labor Party,ALP,1990-03-24,
"LS4",Australian Labor Party,ALP,1996-03-02,2013-08-05
"DYH",Liberal Party,LP,2004-10-09,2007-11-24
"E4T",Liberal,LP,2005-04-05,
"CG4",Liberal Party,LP,1975-12-13,1993-02-08
"D2I",Liberal,LP,2004-03-31,
"KEX",Australian Labor Party,ALP,1910-04-13,1919-12-13
"DG4",Nationals,NP,1984-12-01,2001-10-08
"F4N",Australian Labor Party,ALP,1901-03-30,1915-10-26
"KEZ",United Australia Party,UAP,1934-09-15,1937-09-21
"JZB",Australian Labor Party,ALP,1949-12-10,1974-04-11
"FG4",Australian Labor Party,ALP,1984-12-01,1996-01-29
"8K6",Australian Labor Party,ALP,1996-03-02,
"KFB",Australian Labor Party,ALP,1969-10-25,1980-09-19
"L6B",Liberal Party,LP,2009-12-05,
"KFF",The Nationals,NAT,1920-12-18,1922-12-16
"KFH",Liberal Party,LP,1956-10-13,1975-11-11
"RT4",Liberal Party,LP,1990-03-24,1993-03-13
"KFN",Australian Labor Party,ALP,1906-12-12,1913-05-31
"KFO",Australian Labor Party,ALP,1969-10-25,1972-12-02
"JWI",Liberal Party,LP,1955-12-10,1974-05-18
"JWJ",Anti-Socialists,ANTI-SOC,1906-12-12,1910-04-13
"JWQ",The Nationals,NAT,1925-11-14,1929-10-12
"JWU",Australian Labor Party,ALP,1943-08-21,1972-11-02
"JWX",Australian Labor Party,ALP,1951-04-28,1970-04-01
"QS4",Liberal Party,LP,1955-12-10,1983-03-31
"JX9",Australian Labor Party,ALP,1903-12-16,1913-11-25
"HG4",Australian Labor Party,ALP,1980-10-18,1996-03-02
"JXI",Liberal Party,LP,1949-12-10,1969-10-25
"JXQ",Australian Labor Party,ALP,1974-05-18,1984-10-26
"FKL",Liberal Party,LP,2010-08-21,
"JYV",Australian Labor Party,ALP,1943-08-21,1963-11-30
"JZP",Australian Labor Party,ALP,1958-11-22,1975-11-11
"K0E",Australian Labor Party,ALP,1943-08-21,1949-10-31
"204953",Australian Labor Party,ALP,2011-07-01,
"ING",Australian Labor Party,ALP,2015-03-26,
"CU4",Liberal Party,LP,1990-03-24,2004-08-31
"K97",Australian Labor Party,ALP,1951-04-28,1966-11-26
"9K6",Liberal Party,LP,1996-03-02,
"K9L",Liberal Party,LP,1969-04-19,1981-01-22
"HV4",Australian Labor Party,ALP,2004-10-09,2013-08-05
"L6X",Australian Labor Party,ALP,1969-10-25,1977-11-10
"AK6",Liberal Party,LP,1996-03-02,2013-08-05
"PG4",Australian Labor Party,ALP,1983-03-05,1993-02-08
"QG4",Australian Labor Party,ALP,1983-03-05,1996-03-02
"K9S",The Nationals,NAT,1925-11-14,1928-11-17
"DZY",Australian Labor Party,ALP,2004-10-09,2013-09-07
"JH5",Australian Labor Party,ALP,2001-11-10,2010-07-19
"HM5",Liberal Party,LP,1994-11-19,2010-07-19
"83W",Australian Labor Party,ALP,1998-10-03,2001-11-10
"KAN",Free Trade,FT,1903-12-16,1906-12-12
"KAQ",Australian Labor Party,ALP,1929-10-12,1931-12-19
"83X",Australian Labor Party,ALP,1998-10-03,2013-08-05
"KAR",Liberal Party,LP,1963-11-30,1969-10-25
"KAU",Liberal Party,LP,1964-02-15,1969-09-29
"ST4",Australian Labor Party,ALP,1990-03-24,1996-03-02
"243609",Australian Labor Party,ALP,2013-09-07,
"KB8",Liberal Party,LP,1964-06-20,1983-02-04
"83L",Australian Labor Party,ALP,1998-10-03,2013-08-05
"KBE",Liberal Party,LP,1975-12-13,1980-10-18
"72184",The Nationals,NP,2013-09-07,
"KBF",Country Party,CP,1949-12-10,1951-04-28
"74046",Liberal Party,LP,2013-09-07,
"XD4",Liberal Party,LP,1975-12-13,1993-02-08
"KCP",Liberal Party,LP,1911-11-11,1913-05-31
"YG4",Australian Labor Party,ALP,1983-03-05,1996-01-29
"ZG4",Australian Labor Party,ALP,1984-12-01,1998-08-31
"ML6",Liberal Party,LP,1996-03-02,1998-10-03
"KCQ",Liberal Party,LP,1949-12-10,1980-09-19
"8V4",Australian Labor Party,ALP,1969-10-25,1974-05-18
"8W5",Australian Labor Party,ALP,2007-11-24,
"KF5",Australian Labor Party,ALP,1961-12-09,1967-08-02
"KF8",Liberal Party,LP,1949-12-10,1954-05-29
"KFA",Country Party,CP,1922-12-16,1937-10-23
"KFD",Australian Labor Party,ALP,1953-05-09,1955-11-04
"00AMP",Australian Labor Party,ALP,2001-11-10,2013-08-05
"VU5",Australian Labor Party,ALP,1993-03-13,
"0H4",Australian Labor Party,ALP,1983-03-05,1996-01-29
"KFG",Australian Labor Party,ALP,1949-12-10,1972-11-02
"220370",Country Liberal Party,CLP,2010-08-21,
"KFI",Free Trade,FT,1901-03-29,1903-11-23
"QK5",Liberal Party,LP,1975-12-13,1984-10-26
"KFL",Protectionists,PROT,1901-03-30,1901-08-08
"KFQ",Liberal Party,LP,1946-03-30,1955-11-04
"KFU",Australian Labor Party,ALP,1969-10-25,1975-12-13
"84T",Liberal Party,LP,1998-10-03,2013-08-05
"KFX",Australian Labor Party,ALP,1943-08-21,1949-12-10
"KFZ",Liberal Party,LP,1958-11-22,1961-12-09
"HWD",Australian Labor Party,ALP,2007-11-24,2010-08-21
"L6Z",Australian Labor Party,ALP,1906-12-12,1912-04-01
"83N",Australian Labor Party,ALP,1998-10-03,
"2H4",Liberal Party,LP,1974-05-18,1996-01-29
"KGA",Country Party,CP,1963-11-30,1974-05-18
"3H4",Liberal Party,LP,1984-12-01,1998-08-31
"4H4",Liberal Party,LP,1969-10-25,1990-06-30
"KGC",Country Party,CP,1946-09-28,1961-11-02
"L77",Australian Labor Party,ALP,1915-02-06,1917-05-05
"5H4",Australian Labor Party,ALP,1983-03-05,1993-02-08
"KGF",Liberal Party,LP,1949-12-10,1951-04-28
"KGG",Australian Labor Party,ALP,1913-05-31,1925-11-13
"KGH",Australian Labor Party,ALP,1961-12-09,1974-05-18
"BK6",Pauline Hanson's One Nation,PHON,1997-06-27,1998-10-03
"I0U",The Greens,GRN,2008-07-01,
"CK6",Liberal Party,LP,1996-03-02,2007-11-24
"KGL",Australian Labor Party,ALP,1961-12-09,1966-11-26
"KNK",Liberal Party,LP,1980-10-18,1983-03-05
"KNT",United Australia Party,UAP,1931-12-19,1937-09-21
"KNM",Australian Labor Party,ALP,1949-12-10,1969-09-29
"KNY",Free Trade,FT,1902-03-26,1903-12-16
"00AMM",The Nationals,NP,2001-11-10,
"7H4",Australian Labor Party,ALP,1987-07-11,1990-03-24
"KOB",Liberal Party,LP,1975-12-13,1980-10-18
"ZL6",Liberal Party,LP,1949-12-10,1969-02-10
"LN6",Australian Labor Party,ALP,1996-06-15,2007-10-17
"TU5",Australian Labor Party,ALP,1993-03-13,1996-01-29
"HWO",Liberal Party,LP,2007-11-24,
"YD4",Australian Labor Party,ALP,1980-10-18,1992-02-20
"8H4",Liberal Party,LP,1983-05-07,2010-07-19
"KGP",Liberal Party,LP,1949-12-10,1969-09-29
"RK4",Australian Labor Party,ALP,1961-12-09,1988-08-17
"ECV",Australian Labor Party,ALP,2005-03-19,
"KGX",Australian Labor Party,ALP,1943-08-21,1963-11-30
"C16",Liberal,LP,1996-09-18,
"KH8",The Nationals,NAT,1917-05-05,1919-12-13
"ZN4",Liberal Party,LP,2013-09-07,
"00BCM",Liberal Party,LP,2013-09-07,
"E0L",Liberal Party,LP,2004-10-09,2007-11-24
"ZU5",Australian Labor Party,ALP,1993-03-13,1996-03-02
"9H4",Liberal Party,LP,1987-07-11,1995-02-28
"KHC",Protectionists,PROT,1901-03-29,1906-10-13
"83Y",Australian Labor Party,ALP,1998-10-03,2007-10-17
"DK6",Liberal Party,LP,1996-03-02,
"00ATA",Liberal Party,LP,1974-05-18,1987-07-11
"BV4",Liberal Party,LP,1975-12-13,1987-07-11
"218019",The Nationals,NP,2013-09-07,
"CH4",Australian Labor Party,ALP,1977-12-10,1998-08-31
"DH4",Australian Labor Party,ALP,1983-03-05,2001-10-08
"KHO",United Australia Party,UAP,1931-12-19,1934-06-05
"KHQ",Australian Labor Party,ALP,1955-12-10,1958-10-14
"UU5",Australian Labor Party,ALP,1993-03-13,2001-11-10
"ZD4",Liberal Party,LP,1974-05-18,2007-11-24
"247742",Liberal Party,LP,2013-09-07,
"EH4",Australian Labor Party,ALP,1977-12-10,1996-01-29
"KHU",Australian Labor Party,ALP,1910-04-13,1915-04-02
"KHW",The Nationals,NAT,1917-05-05,1917-05-10
"KHY",Liberal Party,LP,1946-09-28,1960-09-28
"KI7",The Nationals,NAT,1922-12-16,1929-10-12
"0095J",Liberal Party,LP,1955-12-10,1972-12-02
"IIS",Liberal Party,LP,1963-11-30,1972-11-02
"83O",The Nationals,NP,,
"TT4",Australian Labor Party,ALP,1990-03-24,1993-03-13
"KIF",Liberal Party,LP,1949-12-10,1972-11-02
"FH4",Australian Labor Party,ALP,1977-12-10,1996-01-29
"00AMV",Liberal Party,LP,2001-11-10,
"KIO",Country Party,CP,1921-07-30,1940-08-27
"AV4",Australian Labor Party,ALP,1969-10-25,1987-12-31
"KIR",The Nationals,NAT,1922-12-16,1929-10-12
"91219",Australian Labor Party,ALP,2010-08-21,
"KIU",United Australia Party,UAP,1931-12-19,1934-09-15
"212585",Liberal Party,LP,2013-09-07,
"KJ8",Australian Labor Party,ALP,1903-12-16,1909-12-06
"9W4",Liberal Party,LP,1974-05-18,1983-03-05
"KJA",Australian Labor Party,ALP,1972-12-02,1983-02-04
"HYM",Liberal Party,LP,2007-11-24,
"83Z",Australian Labor Party,ALP,1998-10-03,2010-07-19
"KJG",Liberal Party,LP,1963-11-30,1972-12-02
"KJI",Protectionists,PROT,1901-03-29,1906-10-12
"KJK",Liberal Party,LP,1949-12-10,1966-10-31
"KJM",The Nationals,NAT,1919-12-13,1929-10-12
"00AN2",Australian Labor Party,ALP,2001-11-10,2010-08-21
"CV4",Australian Labor Party,ALP,1969-10-25,1987-06-05
"0E4",Australian Labor Party,ALP,1984-12-01,1993-03-13
"KJO",Australian Labor Party,ALP,1960-04-09,1980-09-19
"KJU",Liberal Party,LP,1966-11-26,1983-03-05
"EK6",Liberal Party,LP,1996-03-02,1998-10-03
"HH4",Australian Labor Party,ALP,1986-02-08,2013-08-05
"DRW",Australian Labor Party,ALP,1969-10-25,1985-12-20
"KK7",United Australia Party,UAP,1931-12-19,1940-09-21
"DYN",Liberal Party,LP,2004-10-09,
"KKB",Liberal Party,LP,1960-04-09,1972-12-02
"KKD",Liberal Party,LP,1966-11-26,1987-07-11
"JH4",Australian Labor Party,ALP,1987-07-11,1996-03-02
"K9G",Australian Labor Party,ALP,1940-11-16,1958-10-14
"K9J",Australian Labor Party,ALP,1969-10-25,1980-09-19
"K9M",Australian Labor Party,ALP,1955-12-10,1983-12-19
"00AMX",Liberal,LP,2001-11-10,2010-08-21
"K9O",Liberal Party,LP,1975-12-13,1980-10-18
"K9R",Australian Labor Party,ALP,1910-04-13,1913-05-31
"00AON",Liberal,LP,2002-07-01,
"K9V",Liberal Party,LP,1977-12-10,1980-10-18
"NL6",Liberal Party,LP,1996-03-02,1998-10-03
"KA7",Australian Labor Party,ALP,1914-09-05,1915-01-01
"KA9",United Australia Party,UAP,1937-10-23,1943-08-21
"KAB",Liberal Party,LP,1966-11-26,1969-10-25
"KH4",Australian Labor Party,ALP,1977-12-10,1998-08-31
"KDV",Australian Labor Party,ALP,1958-11-22,1983-02-04
"96430",Liberal Party,LP,2010-08-21,
"KDW",Australian Labor Party,ALP,1928-11-17,1931-12-19
"A9B",Australian Labor Party,ALP,2010-08-21,
"KDY",Liberal Party,LP,1951-07-28,1960-06-02
"E5D",The Nationals,NP,2005-07-01,
"MH4",Liberal Party,LP,1975-12-13,2007-10-17
"HX4",Katter's Australian Party,KAP,2011-09-27,
"KE4",Australian Labor Party,ALP,1929-10-12,1946-04-26
"KE7",Australian Labor Party,ALP,1956-04-11,1963-11-01
"NH4",Australian Labor Party,ALP,1969-10-25,1996-04-23
"E0J",Liberal Party,LP,2004-10-09,
"KE8",Liberal Party,LP,1949-12-10,1954-05-29
"009MM",Liberal Party,LP,1958-11-22,1977-11-10
"99931",Liberal Party,LP,2010-08-21,
"GK6",Liberal Party,LP,1996-03-02,2007-10-17
"HRI",Australian Labor Party,ALP,2007-11-24,2013-09-07
"OH4",Australian Labor Party,ALP,1980-10-18,1995-01-30
"BT4",Liberal Party,LP,1990-03-24,2004-08-31
"KEB",Liberal Party,LP,1913-05-31,1914-09-05
"KEC",Australian Labor Party,ALP,1969-06-07,1972-12-02
"KED",Protectionists,PROT,1901-03-29,1906-12-12
"PH4",Australian Labor Party,ALP,1980-10-18,1990-03-24
"KEE",Liberal Party,LP,1949-12-10,1970-07-31
"KEI",Australian Labor Party,ALP,1969-10-25,1987-06-05
"KEK",The Nationals,NAT,1919-12-13,1920-06-02
"QH4",Australian Labor Party,ALP,1972-12-02,1993-12-22
"XW4",Australian Labor Party,ALP,1998-10-03,2001-11-10
"RH4",Australian Labor Party,ALP,1987-07-11,2010-07-19
"244247",Australian Labor Party,ALP,2014-07-01,
"4U4",Liberal Party,LP,1955-12-10,1983-08-15
"KEQ",Country Party,CP,1922-12-16,1931-11-27
"00AMR",Australian Labor Party,ALP,2001-11-10,
"00AMQ",Liberal Party,LP,2001-11-10,2004-10-09
"KEW",Protectionists,PROT,1901-03-30,1908-05-11
"KGN",Australian Labor Party,ALP,1969-10-25,1972-12-02
"KYR",Free Trade,FT,1901-03-29,1903-12-16
"SH4",Australian Labor Party,ALP,1969-10-25,1990-02-19
"GV5",Australian Labor Party,ALP,1993-03-13,1996-03-02
"KZ6",Australian Labor Party,ALP,1922-12-16,1931-12-19
"JG4",Australian Labor Party,ALP,1972-12-02,1990-03-24
"KZ8",Australian Labor Party,ALP,1921-09-03,1928-09-06
"250026",Independent,IND,2014-11-24,
"E0H",Liberal Party,LP,2004-10-09,
"KZC",The Nationals,NAT,1917-05-05,1922-12-16
"249764",The Nationals,NP,2013-09-07,
"KZF",United Australia Party,UAP,1931-12-19,1940-09-21
"KZJ",Lang Labor,LANG LAB,1946-09-28,1949-12-10
"KG4",Australian Labor Party,ALP,1984-12-01,1996-12-06
"KZN",Australian Labor Party,ALP,1940-09-21,1949-12-10
"K26",Australian Labor Party,ALP,1994-01-29,2005-01-21
"247130",Liberal Party,LP,2013-09-07,
"LG4",Australian Labor Party,ALP,1987-07-11,1996-03-02
"KZU",Australian Labor Party,ALP,1919-12-13,1922-12-16
"834",Nationals,NP,1998-10-03,2001-10-08
"XS4",Australian Labor Party,ALP,1994-03-12,2007-10-17
"KZW",Liberal Party,LP,1949-12-10,1958-11-22
"KZZ",United Australia Party,UAP,1931-12-19,1940-09-21
"108616",Independent,IND,2015-03-12,
"KR9",The Nationals,NAT,1917-05-05,1947-06-30
"L0R",Free Trade,FT,1903-12-16,1906-12-12
"L0U",Liberal Party,LP,1966-11-26,1969-10-25
"MG4",Australian Labor Party,ALP,1984-12-01,2001-11-10
"BU8",Australian Labor Party,ALP,2010-08-21,
"L0X",Australian Labor Party,ALP,1943-08-21,1955-12-10
"L19",Country Party,CP,1949-12-10,1963-11-01
"L1C",Australian Labor Party,ALP,1929-10-12,1931-12-19
"00AMN",Liberal Party,LP,2001-11-10,
"L1G",The Nationals,NAT,1925-11-14,1928-11-17
"111206",Liberal Democrats,LDP,2014-07-01,
"XU5",Liberal Party,LP,1993-03-13,2001-10-08
"258337",Liberal,LP,2015-05-21,
"HK6",Liberal Party,LP,1996-03-02,2010-07-19
"L1I",Liberal Party,LP,1954-05-29,1966-10-31
"OG4",Australian Labor Party,ALP,1983-03-05,1996-03-02
"112096",Australian Labor Party,ALP,2013-05-15,
"L1J",The Nationals,NAT,1917-05-05,1929-10-12
"83A",Australian Labor Party,ALP,1998-10-03,2013-08-05
"IK6",Liberal Party,LP,1996-03-02,2007-11-24
"KIB",Australian Labor Party,ALP,1928-11-17,1931-12-19
"KIC",Free Trade,FT,1903-12-16,1906-12-12
"KID",Australian Labor Party,ALP,1951-07-28,1975-11-11
"KIE",Liberal Party,LP,1951-04-28,1958-11-22
"I07",The Greens (WA),GRN,2008-07-01,
"84N",Australian Labor Party,ALP,1999-07-01,
"KIM",Liberal Party,LP,1966-11-26,1982-10-22
"M38",Australian Labor Party,ALP,2010-08-21,2013-09-07
"YW4",Liberal,LP,1990-07-01,
"KIQ",Free Trade,FT,1901-03-30,1903-12-16
"WN6",Liberal Party,LP,1998-10-03,
"AT4",Independent,IND,1990-03-24,1996-01-29
"KIW",Liberal Party,LP,1963-11-30,1972-12-02
"0I4",Liberal Party,LP,1969-10-25,1994-02-18
"KKU",Liberal Party,LP,1949-12-10,1966-10-31
"PG6",Australian Labor Party,ALP,1996-03-02,
"6I4",Liberal Party,LP,1974-05-18,1990-02-19
"L6P",Australian Labor Party,ALP,2013-09-07,
"217571",Independent,IND,2011-07-01,
"GP4",Australian Labor Party,ALP,1982-03-13,1987-07-11
"KLB",Australian Labor Party,ALP,1901-03-29,1920-11-12
"KLG",Australian Labor Party,ALP,1915-05-06,1927-01-18
"KLJ",Country Party,CP,1963-11-30,1974-05-18
"KMM",Protectionists,PROT,1901-03-29,1918-10-23
"KMQ",The Nationals,NAT,1922-12-16,1929-10-12
"KMS",The Nationals,NAT,1922-12-16,1928-11-17
"LK6",The Nationals,NP,,
"HWP",Liberal Party,LP,2007-11-24,
"E07",Liberal Party,LP,2004-10-09,
"HWQ",Australian Labor Party,ALP,2007-11-24,
"00AOP",Australian Labor Party,ALP,2002-07-01,
"8I4",Australian Labor Party,ALP,1984-12-01,2002-08-16
"KN9",Australian Labor Party,ALP,1969-10-25,1980-09-19
"KNA",Liberal Party,LP,1975-12-13,1983-03-05
"KNC",Country Party,CP,1936-08-19,1943-08-21
"M2V",Liberal Party,LP,2010-08-21,
"KOE",Australian Labor Party,ALP,1972-12-02,1975-12-13
"KNH",Australian Labor Party,ALP,1906-12-12,1931-11-27
"KNJ",Protectionists,PROT,1901-03-29,1910-04-13
"83B",Liberal Party,LP,1998-10-03,2010-07-19
"KOH",Australian Labor Party,ALP,1983-03-05,1987-07-11
"121628",Australian Labor Party,ALP,2015-05-06,
"VH4",Liberal Party,LP,1984-02-18,2007-11-24
"KOQ",United Australia Party,UAP,1934-09-15,1943-08-21
"KPM",Protectionists,PROT,1901-03-29,1906-12-12
"JK6",Australian Labor Party,ALP,1996-03-02,2013-08-05
"KQ4",Protectionists,PROT,1901-03-29,1914-09-05
"KQJ",Liberal Party,LP,1949-12-10,1961-12-09
"219646",The Nationals,NP,2010-08-21,
"KQP",Australian Labor Party,ALP,1901-03-30,1925-11-13
"KQS",Australian Labor Party,ALP,1922-12-16,1925-11-14
"KK6",Liberal Party,LP,1996-03-02,1998-10-03
"KQT",Australian Labor Party,ALP,1906-12-12,1913-05-31
"KQU",Protectionists,PROT,1901-03-29,1904-03-10
"E5E",Australian Labor Party,ALP,2005-07-01,
"83C",Australian Labor Party,ALP,1998-10-03,2004-10-09
"123674",Independent,IND,2013-09-07,
"KRD",Australian Labor Party,ALP,1913-05-31,1934-07-31
"217241",Liberal,LP,2014-07-01,
"KRF",Australian Labor Party,ALP,1961-12-09,1963-11-30
"ZH4",Australian Labor Party,ALP,1983-03-05,1996-01-29
"KRH",Australian Labor Party,ALP,1938-12-10,1940-09-21
"KRK",Australian Labor Party,ALP,1955-12-10,1972-11-02
"207825",The Nationals,NP,2011-07-01,
"232251",Australian Labor Party,ALP,1972-12-02,1975-12-13
"BP4",Australian Labor Party,ALP,2007-11-24,2010-08-21
"HT4",Liberal Party,LP,1990-03-24,1998-08-31
"KRO",Protectionists,PROT,1901-03-29,1906-12-12
"KRP",Free Trade,FT,1901-03-29,1903-11-23
"KRR",Liberal Party,LP,1975-12-13,1983-03-05
"KSB",Liberal Party,LP,1966-11-26,1981-01-22
"4I4",Australian Labor Party,ALP,1979-06-23,2004-08-31
"KSD",Australian Labor Party,ALP,1940-09-21,1955-11-04
"84L",Australian Labor Party,ALP,1999-07-01,
"KSF",Australian Labor Party,ALP,1975-12-13,1983-02-04
"009MA",Liberal Party,LP,1949-12-10,1982-01-04
"L2G",Free Trade,FT,1901-03-29,1903-11-23
"5I4",Australian Labor Party,ALP,1988-02-16,2010-07-19
"241589",Liberal Party,LP,2013-09-07,
"JT7",Australian Labor Party,ALP,1922-12-16,1931-12-19
"JT8",Liberal Party,LP,1961-12-09,1963-11-30
"JTB",Country Party,CP,1931-12-19,1934-08-02
"JUR",Australian Labor Party,ALP,1929-10-12,1930-12-19
"JUS",Nationals,NP,1972-12-02,1988-02-29
"4T4",Australian Labor Party,ALP,1990-03-24,2013-09-07
"AI4",Australian Labor Party,ALP,1980-10-18,1990-03-24
"BI4",Liberal Party,LP,1984-12-01,1998-10-03
"KA5",The Greens,GRN,2005-07-01,
"DI4",Australian Labor Party,ALP,1980-10-18,1990-03-24
"JUX",Australian Labor Party,ALP,1949-12-10,1969-09-29
"00AMU",Liberal Party,LP,2001-11-10,2013-09-07
"M3E",Australian Labor Party,ALP,2010-08-21,
"L4X",Australian Labor Party,ALP,1910-04-13,1931-12-19
"JV8",Australian Labor Party,ALP,1961-12-09,1963-11-30
"00AOQ",Australian Labor Party,ALP,2002-07-01,
"EI4",Liberal Party,LP,1975-12-13,2001-02-05
"JV9",The Nationals,NAT,1929-10-12,1931-12-19
"JVA",Australian Labor Party,ALP,1940-09-21,1958-11-22
"FI4",Australian Labor Party,ALP,1983-03-05,2001-10-08
"HI4",Australian Labor Party,ALP,1972-12-02,1998-08-31
"E3L",Liberal Party,LP,2007-11-24,
"009DB",Australian Labor Party,ALP,1969-10-25,1984-10-26
"JVB",Australian Labor Party,ALP,1963-06-01,1966-11-26
"MK6",Australian Labor Party,ALP,1996-03-02,2004-08-31
"JVD",Australian Labor Party,ALP,1980-10-18,1990-02-19
"JVH",Australian Labor Party,ALP,1943-08-21,1946-09-28
"4V5",Liberal Party,LP,1993-03-13,2013-08-05
"250024",Australian Motoring Enthusiast Party,AMEP,2014-07-01,
"JVK",Australian Labor Party,ALP,1972-12-02,1975-12-13
"JVM",Australian Labor Party,ALP,1949-12-10,1955-12-10
"JVO",Liberal Party,LP,1966-11-26,1969-10-25
"83D",Australian Labor Party,ALP,1998-10-03,2013-09-07
"JVQ",Liberal Party,LP,1958-11-22,1961-12-09
"NK6",Liberal Party,LP,1996-03-02,1998-08-31
"OK6",Liberal Party,LP,1996-03-02,2007-11-24
"E5G",The Nationals,NP,2005-07-01,
"B36",Australian Labor Party,ALP,1994-03-08,2010-07-19
"AE4",Nationals,NP,1984-12-01,2001-10-08
"JVS",Liberal Party,LP,1975-12-13,1980-10-18
"RW5",Liberal Party,LP,1996-03-02,2009-10-19
"JVT",Australian Labor Party,ALP,1922-12-16,1934-09-15
"JVU",Australian Labor Party,ALP,1949-12-10,1966-10-31
"HVO",Australian Labor Party,ALP,2007-11-24,
"9U4",Australian Labor Party,ALP,1990-03-24,1996-03-02
"JVV",Liberal Party,LP,1975-06-28,1984-10-26
"K4U",Australian Labor Party,ALP,1963-11-30,1977-09-30
"K4W",Australian Labor Party,ALP,1917-05-05,1922-12-16
"137174",Liberal Party,LP,2013-09-07,
"K4X",Country Party,CP,1931-12-19,1940-09-21
"UT4",Liberal Party,LP,1990-03-24,2001-04-24
"IYS",Independent,IND,2008-09-06,2013-08-05
"K4Z",Australian Labor Party,ALP,1961-12-09,1963-11-30
"84S",Australian Labor Party,ALP,1998-10-03,2004-10-09
"00AN3",Australian Labor Party,ALP,2001-11-10,
"K58",Australian Labor Party,ALP,1946-09-28,1969-09-29
"139441",The Nationals,NP,2010-08-21,
"LKU",Liberal Party,LP,2009-12-05,
"JZ9",Australian Labor Party,ALP,1901-03-29,1925-11-14
"CE4",Australian Labor Party,ALP,1984-12-01,2001-10-08
"KM8",Australian Labor Party,ALP,1972-12-02,1975-12-13
"KM9",Australian Labor Party,ALP,1972-12-02,1974-05-18
"140590",Australian Labor Party,ALP,2013-09-07,
"DE4",Australian Labor Party,ALP,1983-03-05,1993-02-08
"140651",Australian Labor Party,ALP,2010-08-21,
"KMB",Liberal Party,LP,1949-12-10,1967-06-10
"BNL",The Greens,AG,2002-10-19,2004-10-09
"KMD",Liberal Party,LP,1949-12-10,1961-12-09
"247871",The Nationals,NP,2014-02-11,
"E09",Australian Labor Party,ALP,2004-10-09,
"KXN",Australian Labor Party,ALP,1910-04-13,1917-05-05
"LQR",Palmer United Party,PUP,2013-09-07,
"HWR",Australian Labor Party,ALP,2007-11-24,
"E5V",Liberal,LP,2005-07-01,
"KXR",The Nationals,NAT,1925-11-14,1929-10-12
"240756",Liberal Party,LP,2013-09-07,
"KXS",Independent,IND,1901-03-30,1903-11-23
"KXU",Liberal Party,LP,1913-05-31,1917-03-26
"KXV",Australian Labor Party,ALP,1966-02-26,1975-12-13
"M56",Liberal,LP,1997-04-09,
"MI4",Liberal Party,LP,1966-04-02,1994-09-17
"A8W",Liberal Party,LP,2001-07-14,2010-07-19
"KXW",Liberal Party,LP,1949-12-10,1961-12-09
"KXX",Liberal Party,LP,1966-11-26,1969-10-25
"CDK",Australian Labor Party,ALP,2013-09-07,
"HVP",Australian Labor Party,ALP,2007-11-24,
"KXZ",Australian Labor Party,ALP,1949-12-10,1969-09-29
"KY7",Country Party,CP,1963-11-30,1972-12-02
"KY8",Protectionists,PROT,1901-03-29,1906-11-05
"KY9",Free Trade,FT,1901-03-29,1902-03-06
"148150",The Nationals,NP,2013-09-07,
"KYB",Liberal Party,LP,1949-12-10,1951-04-28
"83M",Australian Labor Party,ALP,1998-10-03,
"KYC",Australian Labor Party,ALP,1937-10-23,1966-11-26
"E5X",Australian Labor Party,ALP,2005-07-01,
"208884",Liberal Party,LP,2013-09-07,
"NI4",Liberal Party,LP,1975-12-13,1990-02-19
"PI4",Liberal Party,LP,1988-02-06,1990-03-24
"KYE",The Nationals,NAT,1928-06-16,1929-10-12
"K1J",The Nationals,NAT,1917-07-01,1928-05-07
"217266",Liberal Party,LP,2010-08-21,
"KYG",United Australia Party,UAP,1941-05-24,1943-08-21
"QI4",Australian Labor Party,ALP,1984-12-01,2010-07-19
"249308",Liberal Party,LP,2013-09-07,
"RI4",Liberal Party,LP,1987-07-11,2007-10-17
"KYI",Country Party,CP,1919-12-13,1943-08-21
"SI4",Australian Labor Party,ALP,1983-03-05,1996-01-29
"9V5",Liberal Party,LP,1993-03-13,
"HVQ",Australian Labor Party,ALP,2007-11-24,2010-08-21
"HWS",Liberal Party,LP,2007-11-24,
"PK6",Liberal Party,LP,1996-03-02,2015-07-21
"HVR",Australian Labor Party,ALP,2007-11-24,2010-08-21
"KYP",Australian Labor Party,ALP,1983-03-05,1984-12-01
"KYQ",Liberal Party,LP,1969-10-25,1972-12-02
"VT4",Liberal Party,LP,1990-03-24,1998-08-31
"WI4",Liberal Party,LP,1982-12-04,2001-10-08
"KYS",Australian Labor Party,ALP,1958-11-22,1975-11-11
"250216",Liberal,LP,2014-07-01,
"CPR",The Greens,GRN,2011-07-01,
"155410",The Greens,GRN,2014-07-01,
"E0B",Liberal Party,LP,2004-10-09,2007-11-24
"WT4",Liberal Party,LP,1990-03-24,1993-03-13
"KYV",Australian Labor Party,ALP,1910-04-13,1931-12-19
"KZ7",Australian Labor Party,ALP,1972-12-02,1975-12-13
"83E",Australian Labor Party,ALP,1998-10-03,
"HWA",Australian Labor Party,ALP,2007-11-24,
"FU4",Liberal Party,LP,2004-10-09,
"HWT",Liberal Party,LP,2007-11-24,
"KZE",Country Party,CP,1949-12-10,1965-01-21
"KZG",Australian Labor Party,ALP,1908-06-13,1913-12-02
"KZH",Free Trade,FT,1903-12-16,1906-12-12
"KZL",Liberal Party,LP,1972-12-02,1981-01-07
"KZV",Australian Labor Party,ALP,1901-03-29,1906-12-12
"XT4",Liberal Party,LP,2005-07-01,
"L0B",Australian Labor Party,ALP,1929-10-12,1931-12-19
"159771",Australian Labor Party,ALP,2010-08-21,
"83K",Australian Labor Party,ALP,1998-10-03,2013-08-05
"M2X",Liberal Party,LP,2010-08-21,
"83T",Australian Labor Party,ALP,1998-10-03,2013-11-22
"0J4",Liberal Party,LP,1973-09-22,
"L0D",Country Party,CP,1949-12-10,1951-04-28
"L0F",Australian Labor Party,ALP,1943-08-21,1963-03-31
"243273",Liberal,LP,2012-09-05,
"249224",Australian Labor Party,ALP,2013-09-07,
"I0Q",Liberal,LP,2008-07-01,
"L0H",Australian Labor Party,ALP,1919-12-13,1921-08-01
"HVY",Australian Labor Party,ALP,2007-11-24,2013-09-07
"L0J",Liberal Party,LP,1975-12-13,1983-03-05
"2J4",Australian Labor Party,ALP,1983-03-05,1990-03-24
"KPX",Protectionists,PROT,1901-03-29,1903-12-16
"3J4",Australian Labor Party,ALP,1988-03-26,2007-10-17
"5J4",Australian Labor Party,ALP,1967-07-22,1993-02-08
"KQ8",United Australia Party,UAP,1931-12-19,1940-09-21
"83Q",Liberal Party,LP,1998-10-03,2013-08-05
"6J4",Australian Labor Party,ALP,1987-07-11,2004-10-09
"YT4",The Nationals,NP,1990-03-24,
"165476",Liberal Party,LP,2013-09-07,
"7J4",Australian Labor Party,ALP,1980-10-18,1993-02-08
"8J4",Australian Labor Party,ALP,1988-10-08,1996-03-02
"00AOM",Country Liberal Party,CLP,2001-11-10,
"KQB",Australian Labor Party,ALP,1937-05-08,1949-12-10
"KQW",The Nationals,NAT,1922-12-16,1928-11-17
"848",Liberal Party,LP,1998-10-03,2013-08-05
"QK6",Australian Labor Party,ALP,1996-03-02,2007-10-17
"HZE",Liberal,LP,2013-09-07,
"KQY",Australian Labor Party,ALP,1958-11-22,1966-11-26
"9J4",Liberal Party,LP,1977-12-10,1993-02-08
"AJ4",Nationals,NP,1984-12-01,1998-08-31
"KR8",Australian Labor Party,ALP,1913-05-31,1917-05-05
"KRC",Country Party,CP,1963-11-30,1966-01-09
"KRI",Australian Labor Party,ALP,1943-08-21,1949-12-10
"L8C",Australian Labor Party,ALP,1969-10-25,1975-12-13
"CJ4",Liberal Party,LP,1975-12-13,1990-02-19
"DJ4",Liberal Party,LP,1975-12-13,1997-05-12
"9V8",Australian Labor Party,ALP,2001-03-17,2001-11-10
"00ATG",Australian Labor Party,ALP,2007-11-24,
"849",Australian Labor Party,ALP,1998-10-03,2013-09-07
"E5Z",The Greens,GRN,2005-07-01,
"FJ4",Australian Labor Party,ALP,1983-03-05,1996-01-29
"KRM",Liberal Party,LP,1975-12-13,1980-10-18
"HWE",Liberal Party,LP,2007-11-24,
"M0R",Australian Labor Party,ALP,2011-07-01,
"BV7",Liberal,LP,2011-10-13,
"KRQ",Free Trade,FT,1901-03-29,1906-11-05
"KRT",Australian Labor Party,ALP,1943-08-21,1946-09-28
"241710",Liberal,LP,2012-03-06,
"JV5",Australian Labor Party,ALP,1993-03-13,1996-03-02
"5V5",Australian Labor Party,ALP,1993-03-13,2013-08-05
"L2I",Free Trade,FT,1901-03-29,1906-12-12
"SK6",Independent,IND,1998-05-26,1998-10-03
"00APG",Liberal Party,LP,2001-11-10,
"GJ4",Liberal Party,LP,1984-12-01,1998-10-03
"5B6",Liberal Party,LP,1995-03-25,1996-03-02
"172770",Australian Labor Party,ALP,2010-08-21,2013-09-07
"DQF",Liberal Party,LP,1955-12-10,1983-04-21
"HJ4",Australian Labor Party,ALP,1983-03-05,1996-03-02
"IJ4",Australian Labor Party,ALP,1987-07-11,
"KTV",Free Trade,FT,1901-03-29,1903-12-16
"KU8",Liberal Party,LP,1969-10-25,1972-12-02
"KU9",Free Trade,FT,1901-03-30,1903-12-16
"ZT4",Liberal Party,LP,1990-03-24,2013-08-05
"TK6",Liberal Party,LP,1996-03-02,
"JJ4",Liberal Party,LP,1980-10-18,1990-03-24
"KUN",United Australia Party,UAP,1940-09-21,1943-08-21
"KUO",Australian Labor Party,ALP,1939-05-27,1940-09-21
"84B",Nationals,NP,1998-10-03,2001-11-10
"KUW",United Australia Party,UAP,1931-12-19,1943-08-21
"GY5",Liberal Party,LP,1970-09-19,1980-09-19
"KJ4",Australian Labor Party,ALP,1983-03-05,1996-01-29
"PI5",Australian Labor Party,ALP,1983-03-05,1984-12-01
"E68",Australian Labor Party,ALP,2005-07-01,
"KUX",Australian Labor Party,ALP,1953-08-29,1979-04-16
"KV7",United Australia Party,UAP,1931-12-19,1946-08-16
"KVG",Liberal Party,LP,1955-12-10,1969-10-25
"EM6",Liberal Party,LP,1996-03-02,
"KVJ",Protectionists,PROT,1903-12-16,1910-04-13
"K7L",The Nationals,NAT,1904-01-01,1922-12-16
"KVM",Liberal Party,LP,1966-11-26,1984-01-18
"KVN",United Australia Party,UAP,1934-09-15,1940-08-13
"KVO",Liberal Party,LP,1913-05-31,1917-03-26
"241586",Liberal Party,LP,2013-09-07,
"242515",Liberal Party,LP,2013-09-07,
"HVS",Australian Labor Party,ALP,2007-11-24,2010-08-21
"3E4",Liberal Party,LP,1974-05-18,2001-10-08
"2V5",Australian Labor Party,ALP,1993-03-13,
"KVR",Liberal Party,LP,1949-12-10,1972-11-02
"HW8",Australian Labor Party,ALP,2007-11-24,2013-09-07
"YU5",Australian Labor Party,ALP,1993-03-13,2010-07-19
"231027",Liberal Party,LP,2013-09-07,
"OJ4",Liberal Party,LP,1988-04-09,1998-08-31
"210911",Liberal Party,LP,2010-08-21,
"KVS",Australian Labor Party,ALP,1927-02-26,1931-12-19
"182468",Australian Labor Party,ALP,2011-07-01,
"KVT",Australian Labor Party,ALP,1946-09-28,1963-11-01
"84C",Liberal Party,LP,1998-10-03,2007-11-24
"KVU",Country Party,CP,1922-12-16,1940-09-21
"FB6",Liberal Party,LP,1995-04-08,2001-10-08
"HVZ",Independent,IND,2012-04-29,
"KVW",Australian Labor Party,ALP,1903-12-16,1906-12-12
"UK6",Australian Labor Party,ALP,1996-03-02,
"KWA",Australian Labor Party,ALP,1972-12-02,1975-12-13
"KWC",Country Party,CP,1931-12-19,1940-09-21
"00ANF",Liberal Party,LP,2001-11-10,2007-11-24
"RJ4",Australian Labor Party,ALP,1984-02-18,1996-03-02
"KWE",Liberal Party,LP,1949-12-10,1960-10-16
"00AN4",Country Liberal Party,CLP,2001-11-10,2007-11-24
"KWH",Liberal Party,LP,1949-12-10,1963-12-24
"KWJ",Country Party,CP,1949-12-10,1953-11-15
"HVU",Australian Labor Party,ALP,2007-11-24,2010-08-21
"GT4",The Nationals,NP,1990-03-24,
"SJ4",Liberal Party,LP,1980-10-18,2010-08-21
"M2Y",Liberal Party,LP,2010-08-21,
"KWL",Australian Labor Party,ALP,1901-03-29,1922-01-10
"KWN",Australian Labor Party,ALP,1928-11-17,1931-12-19
"885",Liberal Party,LP,2004-10-09,
"KWP",Country Party,CP,1946-02-09,1972-11-02
"KWT",Protectionists,PROT,1901-03-29,1906-11-05
"KWR",Liberal Party,LP,1952-12-20,1974-04-11
"HVV",Australian Labor Party,ALP,2007-11-24,2010-08-21
"EE4",Australian Labor Party,ALP,1958-11-22,1990-02-19
"231199",Australian Labor Party,ALP,2011-07-01,
"VK6",Liberal Party,LP,1996-03-02,2010-07-19
"00AMT",Australian Labor Party,ALP,2001-11-10,
"188315",Liberal Party,LP,2010-08-21,
"250077",Liberal Party,LP,2013-09-07,
"E0D",Liberal Party,LP,2004-10-09,
"EE6",Liberal Party,LP,1972-12-02,1983-03-05
"HV5",Liberal Party,LP,1993-03-13,2007-10-17
"9T4",Australian Labor Party,ALP,1990-03-24,1996-03-02
"KWX",Australian Labor Party,ALP,1917-05-05,1919-12-13
"KWZ",Australian Labor Party,ALP,1969-10-25,1983-02-04
"250045",Palmer United Party,PUP,2014-07-01,
"84F",Liberal Party,LP,1998-10-03,2013-08-05
"192970",The Greens,GRN,2011-07-01,
"F4R",Australian Labor Party,ALP,1901-03-29,1910-02-19
"KAO",Liberal Party,LP,1984-12-01,1987-07-11
"193430",Australian Labor Party,ALP,2013-09-07,
"KXI",Australian Labor Party,ALP,1954-05-29,1972-12-02
"WJ4",Liberal Party,LP,1984-12-01,1993-03-13
"1B6",Australian Labor Party,ALP,1983-03-05,1984-12-01
"XK6",Liberal Party,LP,1996-03-02,1998-10-03
"KZA",Australian Labor Party,ALP,1910-04-13,1931-02-05
"XJ4",Australian Labor Party,ALP,1977-10-15,1993-02-08
"KZI",Australian Labor Party,ALP,1972-12-02,1975-12-13
"KZP",Liberal Party,LP,1949-12-10,1961-12-09
"195565",The Greens,GRN,2012-06-20,
"YJ4",Liberal Party,LP,1981-02-21,1990-02-19
"207800",Liberal Party,LP,2013-09-07,
"KZY",Australian Labor Party,ALP,1975-12-13,1977-11-10
"6U4",Australian Labor Party,ALP,1952-11-29,1978-07-31
"L0L",Country Party,CP,1922-12-16,1925-10-03
"L0N",Liberal Party,LP,1960-07-16,1974-04-11
"241590",Liberal Party,LP,2013-09-07,
"L0V",Liberal Party,LP,1949-12-10,1961-12-09
"C2T",Independent,IND,2010-08-21,
"84G",Australian Labor Party,ALP,1998-10-03,2007-11-24
"7V5",Liberal Party,LP,1993-03-13,2004-08-31
"I0V",The Nationals,NP,2008-07-01,
"249758",Liberal Party,LP,2013-09-07,
"L1A",Australian Labor Party,ALP,1943-08-21,1949-12-10
"ZJ4",Australian Labor Party,ALP,1972-12-02,1998-08-31
"0K4",Liberal Party,LP,1966-11-26,1993-02-08
"198084",Liberal Party,LP,2013-09-07,
"YK6",Australian Labor Party,ALP,1996-03-02,2000-06-14
"009LP",Independent,IND,2001-11-10,2013-08-05
"00AOU",Australian Labor Party,ALP,2002-07-01,
"E0F",Liberal Party,LP,2004-10-09,
"1K4",Liberal Party,LP,1987-07-11,1997-03-07
"0U4",Australian Labor Party,ALP,1990-03-24,1996-03-02
"8E4",Liberal Party,LP,1987-07-11,2001-10-08
"8V5",Liberal Party,LP,1993-03-13,2004-10-09
"200287",The Greens,GRN,2011-07-01,
"M3A",Liberal Party,LP,2010-08-21,
"8IV",Independent,IND,2008-07-01,
"L1T",Australian Labor Party,ALP,1914-01-10,1931-12-19
"L1V",Liberal Party,LP,1975-12-13,1980-10-18
"EV4",Australian Labor Party,ALP,1974-05-18,1988-02-08
"84H",Australian Labor Party,ALP,1998-10-03,2004-10-09
"ZK6",Independent,IND,1998-02-09,1998-10-03
"HWB",Australian Labor Party,ALP,2007-11-24,
"BK6",Independent,IND,1996-03-02,1997-06-27
"HX4",Independent,IND,2001-07-08,2011-09-27
"XW4",Australian Democrats,AD,1990-07-01,1997-10-15
"250026",Palmer United Party,PUP,2014-07-01,2014-11-24
"108616",Palmer United Party,PUP,2014-07-01,2015-03-12
"SK6",Liberal,LP,1996-03-02,1998-05-26
"HVZ",Australian Labor Party,ALP,2007-11-24,2012-04-29
"ZK6",Liberal,LP,1996-03-02,1998-02-09
"HX4",Nationals,NP,1993-03-13,2001-07-08
